<?xml version="1.0" encoding="UTF-8"?>
<project-private xmlns="http://www.netbeans.org/ns/project-private/1">
    <editor-bookmarks xmlns="http://www.netbeans.org/ns/editor-bookmarks/2" lastBookmarkId="0"/>
    <open-files xmlns="http://www.netbeans.org/ns/projectui-open-files/2">
        <group>
            <file>file:/C:/Users/emene/Downloads/Proyectyo3/Proyectyo/src/proyectyo/ini.ini</file>
            <file>file:/C:/Users/emene/Downloads/Proyectyo3/Proyectyo/src/proyectyo/Proyectyo.java</file>
            <file>file:/C:/Users/emene/Downloads/Proyectyo3/Proyectyo/src/proyectyo/Visualizar.java</file>
            <file>file:/C:/Users/emene/Downloads/Proyectyo3/Proyectyo/src/proyectyo/Pila.java</file>
            <file>file:/C:/Users/emene/Downloads/Proyectyo3/Proyectyo/src/proyectyo/Persona.java</file>
            <file>file:/C:/Users/emene/Downloads/Proyectyo3/Proyectyo/src/proyectyo/ListaCircularDoble.java</file>
            <file>file:/C:/Users/emene/Downloads/Proyectyo3/Proyectyo/src/proyectyo/agregar.csv</file>
            <file>file:/C:/Users/emene/Downloads/Proyectyo3/Proyectyo/src/proyectyo/Cola.java</file>
            <file>file:/C:/Users/emene/Downloads/Proyectyo3/Proyectyo/src/proyectyo/NodoPila.java</file>
            <file>file:/C:/Users/emene/Downloads/Proyectyo3/Proyectyo/src/proyectyo/Menu2.java</file>
            <file>file:/C:/Users/emene/Downloads/Proyectyo3/Proyectyo/src/proyectyo/Vagon.java</file>
        </group>
    </open-files>
</project-private>
